train_size,accuracy
0.40,0.8181818181818182
0.50,0.7578125
0.60,0.7766990291262136
0.70,0.7792207792207793
0.80,0.7884615384615384
mean±std,0.7841±0.0197
