train_size,accuracy
0.40,0.8246753246753247
0.50,0.8515625
0.60,0.8640776699029126
0.70,0.8311688311688312
0.80,0.9230769230769231
mean±std,0.8589±0.0350
