train_size,accuracy
0.40,0.7337662337662337
0.50,0.7578125
0.60,0.7766990291262136
0.70,0.8311688311688312
0.80,0.8076923076923077
mean±std,0.7814±0.0347
