train_size,accuracy
0.40,0.7597402597402597
0.50,0.78125
0.60,0.7378640776699029
0.70,0.7792207792207793
0.80,0.7692307692307693
mean±std,0.7655±0.0158
