train_size,accuracy
0.40,0.8766233766233766
0.50,0.859375
0.60,0.8737864077669902
0.70,0.8441558441558441
0.80,0.8653846153846154
mean±std,0.8639±0.0116
