train_size,accuracy
0.40,0.7597402597402597
0.50,0.796875
0.60,0.8058252427184466
0.70,0.8051948051948052
0.80,0.8076923076923077
mean±std,0.7951±0.0180
