train_size,accuracy
0.40,0.6818181818181818
0.50,0.6640625
0.60,0.6699029126213593
0.70,0.6363636363636364
0.80,0.7307692307692307
mean±std,0.6766±0.0309
