train_size,accuracy
0.40,0.7987012987012987
0.50,0.7734375
0.60,0.8640776699029126
0.70,0.7792207792207793
0.80,0.8461538461538461
mean±std,0.8123±0.0364
