train_size,accuracy
0.40,0.6168831168831169
0.50,0.671875
0.60,0.6893203883495146
0.70,0.6623376623376623
0.80,0.75
mean±std,0.6781±0.0432
