train_size,accuracy
0.40,0.6428571428571429
0.50,0.6015625
0.60,0.6893203883495146
0.70,0.6363636363636364
0.80,0.7692307692307693
mean±std,0.6679±0.0579
