train_size,accuracy
0.40,0.8636363636363636
0.50,0.8984375
0.60,0.8737864077669902
0.70,0.8701298701298701
0.80,0.8461538461538461
mean±std,0.8704±0.0169
