train_size,accuracy
0.40,0.6883116883116883
0.50,0.65625
0.60,0.6407766990291263
0.70,0.7532467532467533
0.80,0.6923076923076923
mean±std,0.6862±0.0387
