train_size,accuracy
0.40,0.7012987012987013
0.50,0.6953125
0.60,0.7087378640776699
0.70,0.7402597402597403
0.80,0.7115384615384616
mean±std,0.7114±0.0155
