train_size,accuracy
0.40,0.8506493506493507
0.50,0.8671875
0.60,0.8543689320388349
0.70,0.8051948051948052
0.80,0.8269230769230769
mean±std,0.8409±0.0221
