train_size,accuracy
0.40,0.7857142857142857
0.50,0.7890625
0.60,0.8155339805825242
0.70,0.8181818181818182
0.80,0.8076923076923077
mean±std,0.8032±0.0134
